path, type, name, more_names

green1.png,  , Green 1, Green
green2.png
brown1.png,  ,  Brown 1, Brown
brown2.png
gray1.png,   ,   Gray 1, Gray
gray2.png
blue1.png,   ,   Blue 1, Blue
blue2.png
red1.png,    ,    Red 1, Red
red1i.png
red1ii.png
red2.png
red2i.png
red2ii.png
red3.png
gold1.png,    , Gold 1, Gold | Golden 1 | Golden
gold2.png,    , Gold 2, Golden 2


face/eyes1.png,         ,  Eyes
face/mouth1.png,        ,  Mouth 1,  Teeth | Mouth w/ Teeth
face/mouth2.png,        ,  Mouth 2,  Mouth
face/mouth3.png,        ,  Mouth 3,  Smile
face/mouth4.png,        ,  Mouth 4,  Frown


glasses/3d_glasses.png
glasses/big_shades.png
glasses/heart_shades.png
glasses/regular_shades.png


earrings/bojangles1.png,    ,   Bojangles 1,  Bojangles
earrings/bojangles2.png
earrings/gold1.png,         ,  Earring Gold 1,  Earring Gold
earrings/gold2.png,         ,  Earring Gold 2
earrings/double_gold1.png,  , Earrings Double Gold 1, Earrings Double Gold
earrings/double_gold2.png,  , Earrings Double Gold 2


hat/beanie.png
hat/bow.png
hat/cap.png
hat/cap_forward.png
hat/horns.png
hat/knitted_cap.png
hat/top_hat.png

more/pipe.png


clothes/blue_hoodie.png
clothes/blue_shirt.png
clothes/blue_sweater.png
clothes/green_shirt.png
clothes/hoodie.png
clothes/suit-blue_tie.png
clothes/suit-open.png
clothes/suit-purple_tie.png
clothes/white_shirt.png
clothes/white_sweater.png
clothes/white_turtleneck.png


